,Country Name,1960,1961,1962,1963,1964,1965,1966,1967,1968,1969,1970,1971,1972,1973,1974,1975,1976,1977,1978,1979,1980,1981,1982,1983,1984,1985,1986,1987,1988,1989,1990,1991,1992,1993,1994,1995,1996,1997,1998,1999,2000,2001,2002,2003,2004,2005,2006,2007,2008,2009,2010,2011,2012,2013,2014,2015,2016,2017,2018,2019,2020
13,Australia,2.3695451397,2.4151398541,2.36369537,2.4466346392,2.6482427971,2.9522929615,3.4513829037,3.7937639672,3.8372735846,3.38591988,2.9660355768,2.7631517089,2.6856206049,2.3793467959,2.2628026995,2.2673155925,2.2166121068,2.2472022083,2.2156885699,2.192729371,2.248956904,2.2966019447,2.3932652161,2.5198118192,2.5052336507,2.5232683787,2.5404297516,2.3729888324,2.1618148827,2.0518275095,2.0759058597,2.1680428583,2.1687460801,2.1780298865,2.1165985889,2.021312568,1.9304400674,1.867334395,1.8711218131,1.8892357407,1.8298419125,1.8700938789,1.8739646206,1.8462896887,1.8274107694,1.8024926796,1.822330926,1.8153422449,1.7985471716,1.926908956,1.8567913624,1.757078228,1.6710157955,1.6397205812,1.7722338567,1.9510278626,2.0836892248,1.9975772665,1.890622246,1.8797432665,2.0630427773
14,Austria,1.4581856995,1.309337523,1.352071859,1.5796677584,1.8873002426,1.5072133874,1.6244051316,1.6091664157,1.5426747491,1.4992565672,1.3801301213,1.2461069539,1.2022866646,1.184988573,1.2768825194,1.4512783637,1.3651968108,1.3459518906,1.4292126119,1.4338457317,1.4202461061,1.3800517335,1.4129967302,1.3911758842,1.4141583362,1.5126235665,1.5087585415,1.4166779027,1.2991811442,1.2341549253,1.1956602667,1.1542171185,1.0992140716,1.1155845413,1.0944530762,1.0732320521,1.0496829774,1.0464339819,1.018072863,0.9802461234,0.9803185801,0.9082400407,0.8835278366,0.9136403188,0.8934804662,0.850142574,0.7858132445,0.9004571728,0.8707051231,0.8333795647,0.8212327115,0.7908975585,0.7784642506,0.7508253831,0.7477800954,0.6981381521,0.7297376918,0.7573212914,0.7448582941,0.7274094104,0.8366138742
17,Belgium,3.3973478671,3.2590700738,3.284752167,3.2166309633,3.2134716593,2.9730636021,3.1125860286,3.1345816242,3.1150900113,2.9318149965,2.9186400967,2.8989259189,2.8807600413,2.8353111328,2.761416188,3.0650345394,3.0933695342,3.1432486471,3.2615220612,3.2613450175,3.2501953855,3.3660494361,3.2699445914,3.1914131705,3.0079024492,2.9312338541,2.953772624,2.9017947926,2.6287484162,2.4608543236,2.3554404589,2.2876928471,1.8323325301,1.7359658934,1.6771431501,1.5657521514,1.5401026514,1.4769757959,1.4639192651,1.3858355592,1.3412102764,1.2765041665,1.2157122078,1.2149881562,1.1492721388,1.0915600576,1.0512391857,1.0945353012,1.2138983167,1.1600399219,1.0846328614,1.0435067948,1.04175649,1.0089594787,0.9709597911,0.9092842021,0.8947062362,0.883680595,0.8906444863,0.8930429504,1.0808422565
29,Brazil,2.6791347259,2.3640661939,2.3986833074,2.2608391824,2.0144980909,3.3520921567,3.0219816316,2.8569720083,2.6497401584,2.6155900063,2.8872895569,2.6190468586,2.4358119902,2.1546513065,1.9413534112,1.9721437963,2.0027533651,1.687726478,1.5996715503,1.5219316861,1.1384344207,1.1431487682,1.3035343611,1.254580323,1.1995410452,1.4295231222,1.2203887275,1.7439940315,2.118072205,2.68625,2.3638410252,1.9633333333,1.5215288612,1.927922815,2.0160077891,1.8621369803,1.6548434995,1.5776883155,1.6622919198,1.6454746666,1.7307261471,1.9518824453,1.8957711992,1.5034776355,1.4612684089,1.5240133925,1.4810848949,1.4662920999,1.4419240934,1.5386256966,1.5394069811,1.4118511592,1.3786564647,1.3294460841,1.3302444232,1.365517154,1.347975413,1.4144856115,1.4942033526,1.4079885159,1.4391682256
35,Canada,4.1852565403,4.1283122435,3.9992163887,3.6206501115,3.4020628366,2.9302606594,2.6832824215,2.7479267698,2.5436418804,2.2737846704,2.1889796959,2.1314856394,2.0118184382,1.8326018177,1.7838130851,1.8635418527,1.7659279778,1.8057636001,1.8488874006,1.7112459179,1.7644486148,1.7099156382,1.9543435854,2.0811962488,2.1171888554,2.0973762338,2.1091971179,2.062576371,1.9867671189,1.9346143087,1.9587937422,1.8954443386,1.8616876999,1.8217535039,1.6966802573,1.5540900711,1.4037525811,1.2462432015,1.2562939016,1.2417030641,1.1180808796,1.1373689725,1.1208522916,1.1158787985,1.1079660271,1.1106696551,1.125832408,1.1889017827,1.2486213816,1.3775556311,1.1943383384,1.1932918955,1.1184045981,1.0023672005,0.9899252994,1.1527093745,1.1641615672,1.3516022319,1.3246810945,1.2789414196,1.4150558408
37,Switzerland,2.3414503613,2.4690770695,2.5675675676,2.5163366819,2.5358556973,2.4679592507,2.5307933593,2.3823738451,2.1765175719,2.1979237054,2.103347488,2.0525268217,1.9681261246,1.8614485622,1.8759744862,1.900752738,2.1625810087,2.0220865629,1.9673644305,2.039799426,1.6786065459,1.6628022214,1.7281945113,1.7488055893,1.701248303,1.8249718683,1.6610219514,1.5618660554,1.5648052643,1.5241653668,1.5721471876,1.5378248855,1.5237092724,1.3669643452,1.332284094,1.3558108825,1.2843357607,1.2209463115,1.1843200329,1.0854016124,1.0292808529,0.9918803619,0.9563888392,0.9266311781,0.8889242527,0.8526233052,0.7725495059,0.7344364055,0.7186377404,0.726566529,0.6820002959,0.6888643009,0.6635021967,0.7061240774,0.6281042877,0.6438908508,0.6573870112,0.656917773,0.6325615313,0.6992507329,0.7785206391
39,Chile,3.1184056272,3.527447297,3.043709078,2.865395725,2.6351865956,2.885712733,2.7359208524,2.7136326339,2.527068178,2.2608999869,4.4504506335,6.2648154419,6.625414195,6.2838209007,7.109561164,6.7425366608,6.0850508253,6.9152448136,6.7281223205,6.3325563326,6.4820928697,7.022118889,8.8772677384,7.5752226024,7.6054061762,6.9006086111,6.2880021993,5.6380710749,4.1399960797,3.590029509,3.4016548591,2.8498427673,2.6285104694,2.7069229373,2.5975449826,2.5620646292,2.4493208985,2.4982019239,2.5898372262,2.7136315935,2.7032820464,2.6674951732,2.552093091,2.7338432122,2.7079751356,2.5215028767,2.4908317799,2.3188022023,2.5840104832,2.2636078889,2.2394683104,2.2543956562,2.0462904073,1.9864194735,1.958526713,1.898487266,1.9153887199,1.9358292998,1.8596386184,1.8373818411,1.8539074072
45,Colombia,1.8843234755,2.1432563032,3.0994152047,3.5151403759,3.1808035714,3.1909469217,3.165244797,3.1173645631,2.3853724811,2.0549241571,2.2595465843,3.3741740971,1.967195823,1.6902451061,1.5757801352,1.7402680753,1.4936028707,1.4384872142,1.5503194098,1.6739287697,1.8301216493,1.7551203619,1.713850959,2.2199375274,2.3258949639,2.0540166093,1.9446195912,1.9831354164,2.1992447555,2.1881838074,1.8601592995,1.8534817832,2.1066779426,2.5252670183,2.5084070135,2.8316265806,4.445393254,2.8017878858,3.440985742,3.7627420579,3.0316835387,3.3238728188,3.4171276236,3.4639886908,3.4650151741,3.3528733875,3.2761306389,3.266739663,3.7446064367,3.8853538679,3.6427556022,3.0816136418,3.1589602351,3.2744010042,3.1082588481,3.1099600841,3.0711310261,3.2090624368,3.0621055114,3.1407339637,3.3757635191
48,Costa Rica,0.0,0.0,0.0,0.0,0.0,0.0,0.0,0.0,0.0,0.0,0.0,0.0,0.0,0.0,0.0,0.0,0.0,0.0,0.0,0.0,0.0,0.0,0.0,0.0,0.0,0.0,0.0,0.0,0.0,0.0,0.0,0.0,0.0,0.0,0.0,0.0,0.0,0.0,0.0,0.0,0.0,0.0,0.0,0.0,0.0,0.0,0.0,0.0,0.0,0.0,0.0,0.0,0.0,0.0,0.0,0.0,0.0,0.0,0.0,0.0,0.0
54,Czech Republic,,,,,,,,,,,,,,,,,,,,,,,,,,,,,,,,,,2.3304040663,2.2834008576,1.843622773,1.7319046876,1.6620457907,1.8259318204,1.8590699232,1.8773569562,1.7512495576,1.8244069683,1.8927640442,1.713703173,1.7900837721,1.575906158,1.4309147352,1.2324715672,1.3105641425,1.1947721814,1.077836499,1.0632168166,1.0150837197,0.9662278181,0.9465820956,0.9961281026,0.9566554217,1.0888509505,1.1608776155,1.3548450425
55,Germany,3.7698628622,3.7399062757,4.4959672203,4.8992839749,4.3842997195,4.0910724506,3.9092968375,4.0776762935,3.40638729,3.3986228937,3.0126306442,3.0602135619,3.1675075661,3.1596173331,3.2611413304,3.2832161608,3.1355665941,3.0382937113,3.0494445521,2.9641823833,2.9613497597,3.0418796887,3.0342956295,3.0269739405,2.9262246616,2.8673794845,2.790328567,2.7722990263,2.6409099301,2.5324305336,2.5184327066,1.9978349882,1.8604799411,1.6935383226,1.5502764328,1.4950220143,1.4658584599,1.4093017326,1.3908947862,1.3950743546,1.3588830332,1.3234383028,1.3279581209,1.316924865,1.2689573964,1.0656297005,1.1993029584,1.1724717649,1.2090340037,1.3106040732,1.2668266261,1.2061503364,1.241677479,1.185257901,1.1499419969,1.1373384267,1.1496544849,1.154049407,1.1718167923,1.2691468665,1.3997303682
58,Denmark,2.728877556,2.586811645,3.0182731041,3.0415238937,2.8429144708,2.8321377331,2.6367496989,2.5882109237,2.6759341499,2.3916076314,2.4291199659,2.3622221894,2.1799733459,1.9758075833,2.2348439316,2.3972495423,2.2042031848,2.2163031286,2.2718211945,2.2515273724,2.3630925227,2.438666392,2.4198950252,2.3647428761,2.2354707255,2.1046721071,1.9448192367,2.0316474834,2.0874706324,2.024220137,1.950757035,1.95468015,1.8893772853,1.9071976697,1.7701098834,1.6853146651,1.6448166585,1.6159612051,1.6080263881,1.5648547226,1.4574440505,1.5323807205,1.508149852,1.4668512498,1.4237042339,1.3114886405,1.3774921831,1.3072470519,1.3550045241,1.3501786253,1.3986217869,1.3135312853,1.3518189726,1.2272520003,1.1492732863,1.1114460116,1.1476376168,1.1382332545,1.2774022269,1.3014549195,1.4422681394
70,Spain,2.250747022,2.031244826,2.2677458919,1.9696329196,1.9305585735,1.8848668246,2.0796193602,1.8519569436,2.2976725194,2.4341675344,2.2866162255,2.1079717457,2.317782098,2.1107417255,2.2075639374,2.0042622334,2.3210469321,2.3142326629,2.3579573006,2.4970649013,2.4898957849,2.5821087448,2.6603067458,2.9362728999,2.9660055044,2.9547217082,2.6250366797,2.614700689,2.4893752172,2.3596751423,2.293305209,2.1291922311,2.042803676,2.011871737,2.0013374022,1.9170223947,1.8144390162,1.7228156794,1.7573199489,1.755234589,1.7255179884,1.6295840329,1.4559737016,1.422544393,1.4302211797,1.3871777536,1.3700074615,1.3631063123,1.3676204845,1.358353837,1.387378124,1.3318765552,1.4236373035,1.2727706626,1.2544591041,1.2708237827,1.1377280399,1.2306907761,1.2539358816,1.2334387342,1.4020534171
71,Estonia,,,,,,,,,,,,,,,,,,,,,,,,,,,,,,,,,,0.7617519609,1.0416302737,0.958098327,0.8735960738,1.0467724867,1.0674917183,1.2871133645,1.3763271153,1.5022144619,1.6671295009,1.7430492953,1.6996892247,1.4509199322,1.3884224363,1.657582134,1.7650496914,1.78893839,1.6864700671,1.6640102427,1.8835795803,1.8966666184,1.9127859308,2.0113351729,2.0518443712,2.0077335213,2.0086658626,2.0240188215,2.3074873862
75,Finland,1.7690410476,1.8361815197,2.5131783086,1.927141787,1.8592730317,1.7973403828,1.7139513138,1.6155211527,1.7550744003,1.4374776981,1.3758540168,1.4490468749,1.5308455436,1.4537020401,1.2701786675,1.5081598199,1.3401246168,1.4053520115,1.4294441051,1.4790093097,1.6709354799,1.5455867306,1.64375015,1.8232638142,1.6040418011,1.6765790728,1.7239099534,1.6455330096,1.6076911731,1.5343144924,1.5633514986,1.7812310365,1.9071310116,1.8680115066,1.7556035954,1.4225414992,1.5304722712,1.5351550507,1.4631755578,1.2231037716,1.2411475037,1.1445128326,1.1546372287,1.4468572626,1.4701635646,1.4671904288,1.4447666748,1.290887944,1.3949173943,1.5607423559,1.4917581596,1.4894089839,1.5265846585,1.5338609345,1.4519301875,1.4499609717,1.4196526264,1.3534986036,1.3622124076,1.3477111359,1.5304509422
77,France,5.4284858849,5.2956075388,5.1588713495,4.7400857175,4.5402502667,4.3953195138,4.2901032742,4.2952459469,4.1368460378,3.6797517268,3.4585577173,3.3160930482,3.2303045904,3.1437192048,3.0864405808,3.197145464,3.1561395842,3.2315686103,3.1514873141,3.1393954431,3.1552050849,3.2461326105,3.2238391338,3.2371317748,3.1873692509,3.1439328023,3.0857650158,3.1204516051,2.9631806088,2.8799353125,2.8052676271,2.8121364381,2.6906607106,2.6895348064,2.6603749604,2.4924961894,2.4144739506,2.3754096531,2.2262083065,2.1778429702,2.0850182448,2.03069529,2.0462579904,2.0956804128,2.1043508353,2.0237069189,1.9750982999,1.9075286336,1.8970758958,2.0981473345,1.9694193528,1.8914062136,1.8710805998,1.8498759183,1.8629614395,1.8722582813,1.917282368,1.9086420123,1.8450533989,1.8454911956,2.0733214273
81,United Kingdom,7.0924863708,6.9213875229,6.9441660411,6.8007434107,6.5960560131,6.4369785734,6.2490367968,6.2357037121,5.9411052003,5.502195639,5.1974132381,5.0763306225,5.1710477559,4.9061610575,5.0694271149,5.3396034392,5.1755033368,4.923277621,4.7330430859,4.6797575675,5.0199034589,4.9837633692,5.3813265212,5.39688559,5.5080794981,5.3207046191,5.0598237368,4.6866684426,4.2142876284,4.0409543316,3.9832176946,4.1168024227,3.8647177664,3.5906495125,3.3819337178,2.8541994905,2.724592322,2.5601487723,2.495962275,2.4229095933,2.3727966452,2.4111221013,2.4856596747,2.5520620152,2.4978213675,2.434203228,2.3730869993,2.3742077477,2.4957230161,2.6534850163,2.578159502,2.5027264017,2.4205647306,2.2936402409,2.1839062481,2.0455031922,1.9814382549,1.9463249964,1.9487557078,2.013004573,2.2465466793
89,Greece,4.8573029595,4.2435700002,4.0484297123,3.8244846396,3.5735621103,3.4984649206,3.5846873877,4.3457076676,4.6901802664,4.7887860601,4.1973021945,4.1191991731,3.9565251449,3.5177090641,4.8244688346,5.8473216222,5.8292273842,5.9185356544,5.5754445125,5.1812483287,4.6608059952,5.7357013089,5.6265934582,5.1724766628,4.8354443369,4.6925669384,4.1280151221,4.2555204484,4.1982322306,3.7658694646,3.7982603271,3.4848651099,3.6298008904,3.6001246956,3.5819723288,3.1731901964,3.3119132818,3.3658688904,3.5338688154,3.3604699447,3.4653553201,3.2514128562,3.0773745753,2.4938947525,2.6056725297,2.8365962771,2.7834188703,2.6793059214,2.9830523447,3.2248411378,2.7502182624,2.5222787656,2.4436708156,2.3713039826,2.3507828837,2.4669209987,2.5759177936,2.5598938963,2.713889458,2.6645804849,2.7955631461
101,Hungary,,,,,,,,,,,4.030075188,3.7416851441,3.273657289,3.006993007,3.2078413901,3.3354050135,3.0062393647,2.9553264605,3.2396379228,3.2390444086,3.3425797503,3.3337607386,3.2433069937,3.3359366284,3.1476750128,4.972429138,3.2237325496,3.1555772994,3.5962232713,2.7861620618,2.5635380271,2.1614697995,2.1796531721,1.9065682898,1.8241343839,1.324727483,1.2590610398,1.4766844028,1.2721641748,1.4336125997,1.513100227,1.5701270901,1.5937738021,1.6426215944,1.4727238189,1.4120287874,1.2230099596,1.2702581061,1.1811797358,1.1286454773,1.0239956079,1.0384260113,1.0292053663,0.9453030809,0.8594478229,0.9054445601,1.0031063011,1.0266576234,1.1166413874,1.2543862943,1.6143132574
111,Ireland,1.3303867427,1.320142085,1.2902199761,1.2428171338,1.3032078649,1.326908055,1.2343604576,1.187126848,1.1328512994,1.099280371,1.158609296,1.2439451323,1.3288110113,1.3126949011,1.4069323564,1.6259589671,1.6151624995,1.5251774401,1.4830835474,1.5822005671,1.6652670122,1.5806066184,1.5912369479,1.4926312328,1.4124394253,1.4160442041,1.4232052652,1.282300247,1.1994341527,1.1054761195,1.203503284,1.2539353126,1.2041185499,1.1392251487,1.1087325912,1.0143593883,0.989927159,0.9240661274,0.823869516,0.7506764987,0.6956977421,0.7035171563,0.6340137204,0.5875409359,0.5683222921,0.5409931786,0.5129362978,0.5084125661,0.5759529874,0.6002270509,0.5737929935,0.5471748166,0.5144945372,0.5014022114,0.4606757401,0.3420158697,0.334441788,0.3041411433,0.2868623818,0.2791452857,0.2874877004
114,Iceland,,,,,,,,,,,,,,,,,,,,,,,,,,,,,,,,,,,,,,,,,,,,,,,,,,,,,,,,,,,,,
115,Israel,7.4602483119,7.8650162631,9.1607919604,9.7535741159,8.9846269619,8.5691537762,9.4346733668,15.4425144748,17.4280147218,19.0893169877,23.4470563208,22.7998034776,20.3710188428,27.8560926537,27.655286442,30.4638027863,29.2455930986,23.0872133426,22.8911349758,19.3846931895,18.9193366305,20.2622686198,18.3882100801,15.5468886771,16.1822289157,16.6006435278,14.7677128827,16.900144948,15.9470945573,12.4457326547,12.3626861873,15.5869829137,10.9250775277,11.5232439907,10.1199658354,7.9187439065,7.7296541873,7.4792678599,6.9802166656,6.5301233016,6.2971649835,6.5080631231,6.59401334,6.4864059908,6.3580350967,6.2649126904,6.0495644548,6.3678655584,6.3918010845,6.1481119285,5.93634504,5.7937533578,5.6715904526,5.5785400106,5.7533700569,5.5090275245,5.4851171673,5.5287412101,5.3318846704,5.1929328296,5.6245269332
116,Italy,2.7138259883,2.5738690753,2.6338383569,2.7534379536,2.7273558983,2.7475801622,2.9887199806,2.7677469403,2.6489615919,2.4224008269,2.0582100543,2.2389709472,2.3911760163,2.1958174143,2.070626774,1.975232168,1.8281436689,1.8908085122,1.8797551046,1.8739594666,1.7636432371,1.821112506,2.0053729031,2.0165014199,2.0086077736,1.9363689202,1.9771426421,2.060353644,2.0728574592,2.0264273199,1.8807984133,1.8588526838,1.7519769835,1.7867679733,1.7137427596,1.4678431433,1.5884922794,1.6266927995,1.6445088791,1.6832997981,1.7410595043,1.6793647377,1.7061872462,1.7089955372,1.6826732696,1.6051704156,1.5254829046,1.4470525188,1.5356749841,1.5542107023,1.5004945759,1.4759565971,1.4269249766,1.3990204193,1.2829696543,1.2082283256,1.3348352517,1.3573705592,1.3595427515,1.3165669785,1.5675248908
119,Japan,1.0805948893,0.9166602022,0.8829815839,0.9029116162,0.8750461219,0.8997139901,0.8794210113,0.8362303127,0.7938665292,0.7725510173,0.7732303132,0.8241193141,0.8424753015,0.8150144891,0.8620683234,0.907387057,0.8916511079,0.8906810615,0.891286374,0.9073921109,0.9067942135,0.916648153,0.9263755669,0.9522974272,0.9584041588,0.959397914,0.9628112521,0.9655109128,0.9497088587,0.9407810359,0.9417917661,0.9408219044,0.9483124403,0.9506638248,0.9228718001,0.9168766171,0.9112470757,0.9204378981,0.9385947747,0.9452483374,0.9311361557,0.9470798558,0.9558346715,0.9556739058,0.9416076384,0.9315816526,0.9171970376,0.8976266541,0.9202478435,0.9837773569,0.9588511334,0.9868064933,0.967427278,0.9508660497,0.9669993345,0.9592513304,0.9448382857,0.9319802586,0.9409936917,0.9372810875,0.9968254385
143,Lithuania,,,,,,,,,,,,,,,,,,,,,,,,,,,,,,,,,,0.8122606433,0.4933775985,0.4543728738,0.5039800092,0.7471111529,1.2292543362,0.9701024918,1.2166999905,1.3619436375,1.2712887463,1.1212284981,1.1959432819,1.1622115877,1.1651848132,1.1136075673,1.1316085519,1.0828037828,0.8786590921,0.7907008481,0.7652658101,0.7629074821,0.8795962577,1.1377481736,1.4775058719,1.7120704676,1.9674191419,2.0071506963,2.1214343693
144,Luxembourg,1.0038784814,1.1070377732,1.2866955777,1.1812742705,1.3789977444,1.3507295084,1.3413918631,1.1025370242,0.913192529,0.8164056247,0.7548773874,0.7888070014,0.8169204651,0.7824849411,0.7582056374,0.9626653273,0.9862172103,1.0033826306,1.0284929576,1.016876383,1.1531855233,1.2102732296,1.1922666531,1.2045410458,1.1535457263,0.9602694917,0.9221183801,1.0137993516,1.0531802282,0.8727204295,0.8725946455,0.8980974515,0.9156006415,0.7827276412,0.8208117003,0.6589491359,0.6497722686,0.6794961328,0.7083084582,0.6330423073,0.6028747951,0.7534937848,0.6495392595,0.6720689298,0.6765578711,0.6526580498,0.5826946492,0.6181887395,0.4346633874,0.4209337626,0.5597730789,0.4600728347,0.4282374947,0.4416226971,0.4522735183,0.4997540768,0.4528176984,0.5809995966,0.5864161438,0.6377305176,0.756798
145,Latvia,,,,,,,,,,,,,,,,,,,,,,,,,,,,,,,,,,0.7352954064,0.838757227,0.8056568444,0.6391446833,0.5821149087,0.5878479865,0.7509408284,0.8817150116,1.0415387643,1.5422082755,1.6100242749,1.5956582167,1.6106219266,1.7150186339,1.5528723705,1.6270908833,1.38226776,1.0875152363,1.0371597129,0.9026989838,0.9317867128,0.9439352836,1.037829348,1.4506933044,1.5948215033,2.0622774152,2.0286690326,2.3000461092
154,Mexico,0.6735086594,0.6517803259,0.6896551724,0.7186858316,0.6775067751,0.5912698413,0.5763790665,0.5452171074,0.5485107638,0.6001600427,0.4974116588,0.4876555805,0.5365680893,0.5442176871,0.5657441369,0.5735842196,0.598103574,0.5342562051,0.5048344314,0.5052974735,0.4161073826,0.5133010144,0.4954194176,0.522866314,0.6598190599,0.6763131393,0.6346224631,0.5803418892,0.5361453742,0.5172558294,0.4330810355,0.4354023008,0.4694546557,0.4427854939,0.5188303271,0.4508915312,0.4764847779,0.4580958537,0.4504504872,0.4609887756,0.4460478204,0.442657004,0.4216060025,0.4059165466,0.3648987227,0.355958931,0.3111719357,0.401163918,0.3905132275,0.5015562747,0.4527344926,0.4657778029,0.4759872808,0.507919455,0.5138299573,0.4666761224,0.4950644137,0.4365102964,0.4775174067,0.5234824905,0.5736516595
176,Netherlands,3.7039017966,4.0872838791,4.1227752501,4.010834482,3.9326526842,3.5712903314,3.3702842854,3.5233358059,3.2563349202,3.2289286032,2.8662355544,2.8388295349,2.8185399996,2.7029972496,2.6534716615,2.8438601286,2.6889094494,2.9544575221,2.7470705306,2.8402328282,2.7842985662,2.8631194423,3.1414705898,2.8485847448,2.8617244174,2.7682181209,2.725119786,2.713467178,2.6109094685,2.5174039055,2.3690198851,2.2485315309,2.2130025963,2.0278294085,1.9130609755,1.7942405046,1.7566077357,1.6592731826,1.5806480613,1.5898254258,1.4340043406,1.4379068691,1.4265560116,1.4438095981,1.4268278398,1.3964852791,1.3933890575,1.3547167983,1.3053192377,1.3976333217,1.325433715,1.288365349,1.2354088881,1.1661516239,1.1596878909,1.1327115048,1.1636269177,1.1568036676,1.2166741819,1.3229299214,1.4232447401
177,Norway,3.200435598,3.0042043572,3.2415179099,3.2084273231,3.1191639846,3.3979365193,3.5679598307,3.5125628141,3.6078431373,3.6042524994,3.4728394907,3.3915044049,3.2914659675,3.1336051211,3.0355353426,3.2084302834,3.1240297817,3.098176806,2.8413189291,2.7665459137,2.6190188689,2.6239721529,2.7445921064,2.7949715317,2.5444343507,2.7960002317,2.8084170183,2.9783244256,2.8930898629,2.9101570921,2.8862268943,2.7474871959,2.9647002753,2.6873498446,2.7331370824,2.3074910396,2.1630749742,2.0160795707,2.1567376667,2.0391055715,1.7058318732,1.7045414599,2.0805919313,1.9748544868,1.8487851442,1.5814676176,1.4502438054,1.4653814847,1.3782416411,1.6042950305,1.5156981785,1.4514357698,1.4021341724,1.4139965043,1.4720387772,1.5072795812,1.6266814884,1.719497163,1.7262444076,1.8530817534,1.9366198978
180,New Zealand,2.6907331597,2.4856270212,2.3099366455,2.1982890315,2.4728336584,2.3555584215,2.6392671453,2.6237150371,2.7276825969,2.5662251656,2.6320301783,2.316700611,2.1832679408,1.9730405479,2.0653789004,2.0847617415,1.9360329055,2.1158984636,2.2098714471,2.1596362718,3.0227905358,2.7293750672,2.5828584164,2.43835931,2.3776241549,2.3646261208,2.3675870219,2.4072766891,2.0787081611,2.1499296577,2.3277797471,2.2563366936,2.0693662287,1.8991238456,1.8287080598,1.8153478464,1.7818814849,1.7039708436,1.6952801752,1.6193420181,1.6687421067,1.5813014236,1.4544098452,1.4431391986,1.3417807366,1.2770933889,1.3855218339,1.272014268,1.2460722495,1.3532834017,1.3296365215,1.2460897014,1.1969624027,1.141186376,1.139631756,1.1110712492,1.1310441275,1.1463069227,1.2310819703,1.4260342297,1.5425525162
190,Poland,,,,,,,,,,,,,,,,,,,,,2.6523297491,2.9131856157,3.2455824017,2.9029462738,3.0550373134,3.0157970321,2.9414035359,2.7626918536,2.5920550812,1.8171215105,2.6124857435,2.2516502252,2.2309994432,2.4691873154,2.2732321034,1.9555070547,1.9679194008,2.0313066966,2.0190813144,1.9011357712,1.8303365853,1.9056380012,1.9006386493,1.9080420366,1.8732410065,1.9261298699,1.9200447924,2.0020328284,1.7521397107,1.7974162278,1.8319182994,1.7898087911,1.8027130011,1.7803226284,1.9070464528,2.1374071129,1.9384626778,1.8949309867,2.0495721299,1.9757463486,2.2173506613
194,Portugal,3.38405785,5.1475843447,5.5966942965,5.2380062443,5.4441849962,5.0497456686,5.1017611993,5.91066904,5.9623440033,5.4806243922,5.4791202539,5.7358507387,5.3773782913,4.6074169866,5.7497727399,4.098346607,3.1227740875,2.741239805,2.7725902911,2.6861716307,2.6836611231,2.6518142133,2.6947952999,2.528143673,2.4646468986,2.4411037041,2.5368150654,2.461970382,2.4965626475,2.4993117913,2.4375083411,2.423110546,2.390390222,2.3655798247,2.226155753,2.2602881578,2.1207957344,2.0407026586,1.8837333422,1.8880105654,1.8623560474,1.9127198684,1.9385631275,1.8852165314,1.9659180235,2.0473038824,1.9499699592,1.8180552266,1.8365587187,2.0307989498,1.9802165969,2.0026500146,1.9121370757,2.0896306238,1.7905112782,1.7879744114,2.0041242822,1.683336736,1.795969796,1.8357697292,2.1405632851
221,Slovak Republic,,,,,,,,,,,,,,,,,,,,,,,,,,,,,,,,,,1.9963603215,1.9395190145,3.1545581079,2.9738286677,2.2831162448,1.7443365332,1.5738265497,1.6553123819,1.8431609896,1.7760268405,1.8411110756,1.6520060171,1.6814409463,1.596512608,1.478388924,1.4593850516,1.5164866673,1.2597404037,1.0742658644,1.0791595321,0.9791969408,0.9859734913,1.1144880894,1.1190416108,1.1060875022,1.226740174,1.7152260843,1.8144460711
222,Slovenia,,,,,,,,,,,,,,,,,,,,,,,,,,,,,,,,,2.2472333323,1.8173013501,1.6540746623,1.5730347757,1.5363628121,1.4013683175,1.361182469,1.2113024683,1.0931662754,1.3004824737,1.3876185756,1.4037983371,1.4306519447,1.4201971624,1.5421822129,1.4429145423,1.4929191411,1.5861568247,1.6031252118,1.2921707637,1.1667912335,1.0469482556,0.9737395882,0.9301195316,1.0042870782,0.9818310887,0.9781500973,1.0573941383,1.1040344286
223,Sweden,3.77697094,3.7206133313,3.8634442932,3.9672772424,3.8661977381,3.9126307494,3.8580132712,3.6114518498,3.4765468777,3.4592807325,3.3586682615,3.4100367854,3.4079643499,3.2785873055,3.2153970491,3.0816031385,3.0031129022,3.1010821154,3.1477754879,3.1233574227,2.923451596,2.9482371469,2.8537547841,2.7378226181,2.6719613226,2.6730084001,2.5865682564,2.6532905147,2.5852867488,2.5088339223,2.5689803155,2.4543063903,2.4441930717,2.386834348,2.2799385244,2.1589688167,2.1409077552,1.9532769237,1.9085008532,1.8908850725,1.8326730498,1.7127473731,1.6411545405,1.5967899694,1.4412833599,1.4158883687,1.3272074298,1.2999815076,1.1637472368,1.1598043438,1.1871285414,1.1016911643,1.1301102887,1.1125205386,1.126447318,1.0665020526,1.0530163888,1.0231792046,1.0322460921,1.0989430935,1.2213973322
244,Turkey,3.5315712188,3.7645429363,3.7110834371,3.3873390558,3.4224652087,3.5544186047,3.1439811172,3.2595744681,3.2755555556,3.0793378995,3.2564885496,3.4997938144,3.4455205811,3.3494505495,3.1930213796,5.1194539249,4.9430272109,4.7136230238,4.1873064037,3.357258558,3.9003132967,3.82453187,4.2981513121,3.9376052055,3.597093815,3.5310431588,3.6379924825,3.3285852505,2.9322086364,3.1487265209,3.5277056938,3.7543642481,3.8705665002,3.9214172545,4.051359337,3.9016497347,4.1396969426,4.1036722306,3.1845009085,3.889017374,3.6610946698,3.6034570748,3.7959268811,3.2960471726,2.6979837169,2.4093705059,2.3595222797,2.2179293211,2.1992739234,2.4893117421,2.271714219,2.0275065915,2.0094477989,1.9239593326,1.8719665511,1.8128482927,2.050324605,2.0500658175,2.524003026,2.7102735469,2.7724720188
251,United States,8.9931245872,9.1560315002,9.3316729455,8.8318911862,8.0512811057,7.5872471772,8.4353002859,9.4177959326,9.2684542747,8.6332637951,8.032743584,6.9430696094,6.5197569243,5.8938705912,5.9541111968,5.6226790961,5.191071429,5.1556173513,4.9430872479,4.9519915353,5.1535374665,5.6465412562,6.8140570944,6.3211442598,6.2364165296,6.4532192047,6.6265226579,6.4202740229,6.0712777021,5.871206008,5.6051752944,4.8834293978,4.9704668077,4.6043502951,4.2152646752,3.8602457917,3.5549822064,3.4055622442,3.201558499,3.0856767832,3.112242147,3.1238098027,3.4476180993,3.8271610447,4.0163127364,4.0900348763,4.0416272368,4.0796550811,4.4638273563,4.8855996801,4.9226416771,4.8401739949,4.4774012187,4.0466788787,3.6958946503,3.4778451663,3.4189423368,3.3133812943,3.3162488084,3.4270801805,3.7411600908
263,South Africa,0.950977129,1.4678491358,2.2548373042,2.0646084814,2.6956087977,2.6308288606,2.7048729731,2.7880185296,2.7611752645,2.6084792737,2.3337450941,2.4581930336,2.3726688607,2.6469098278,3.0851992816,3.8749547083,4.7279906121,5.2633345592,4.5621988873,3.8630737286,3.3046336607,3.6381291627,3.6140932964,3.604648205,3.6956069594,3.6983338297,3.8205763245,4.1921704925,4.6237590226,4.3578847407,3.8963514782,3.2226338936,2.8176506145,2.495523698,2.5619659006,2.1178640467,1.7558787982,1.5821335567,1.3831667231,1.2720529306,1.3872891314,1.483161018,1.5293095587,1.4688112382,1.355728578,1.3837696904,1.2907469827,1.1775172529,1.1458433144,1.2140020425,1.1158082509,1.1032576756,1.1327931119,1.123274262,1.1094378828,1.0991820748,1.0651996447,1.0300605525,0.9849613985,0.978057397,1.0741934429
